
SET SQL_MODE = "NO_AUTO_VALUE_ON_ZERO";
SET time_zone = "+00:00";


--
-- Dumping data for table `product_category`
--

INSERT INTO `product_category` (`id`, `name`, `slug`) VALUES
(1, 'Modules', 'modules'),
(2, 'Inverters', 'inverters'),
(3, 'Racking', 'racking'),
(4, 'BOS (Balance of System)', 'balance-of-system'),
(5, 'Tools', 'tools'),
(6, 'Permit Packages', 'permit-packages');

--
-- Dumping data for table `product_sub_category`
--

INSERT INTO `product_sub_category` (`id`, `category_id`, `name`) VALUES
(1, 1, ' Mono / Poly Crystalline'),
(2, 2, ' Grid-Tie Microinverters'),
(3, 1, ' Poly (Multi-crystalline)'),
(4, 2, ' Grid-Tie String Inverters'),
(5, 2, ' Optimizers / Maximizers'),
(6, 2, ' Inverters Accessories'),
(7, 3, ' Tile Mounts'),
(8, 4, 'Connectors'),
(9, 5, 'Cable and Connectors Tools'),
(10, 4, 'Fuses and Holders'),
(11, 4, 'Disconnects'),
(12, 4, 'Combiners'),
(13, 4, 'Breakers'),
(14, 4, 'Cable and Wire'),
(15, 4, 'Enclosures'),
(16, 4, 'Labels'),
(17, 5, 'Site Analysis Tools'),
(18, 3, 'Pitched Roof'),
(19, 3, 'Flat Roof'),
(20, 3, 'Ground Mount'),
(22, 3, 'Inverters Accessories'),
(23, 4, 'Grounding Hardware'),
(24, 6, 'sub category');


INSERT INTO `product` (`id`, `company_id`, `name`, `note`, `features`, `specifications`, `videos`, `downloads`, `estimated_handling_time`, `minimum_order`, `manufacturer_id`, `manufacturer_product_code`, `code`, `shared_compatible`, `standard_compatible`, `on_sale`, `sale_start`, `sale_end`, `msrp`, `nmfc`, `package_type`, `category_id`, `sub_category_id`, `is_inverter`, `is_roof_attachment`, `calculate_per_foot`, `free_shipping`, `pdf`, `pdf2`, `pdf3`, `cad`, `youtube`, `rating`, `class`, `hazardous`, `commodity_type`, `content_type`, `created_by`, `updated_by`, `created_at`, `updated_at`, `status`, `current_stock`, `handling_id`, `reference_url`, `product_link`, `need_shipping`, `need_tax`, `order`, `available_stock`) VALUES
(3, 8, 'Solar SpeedRack L-Foot Black', '', '<p>Solar SpeedRack L-Foot Black<br />\r\nPart Number: SA-A-LFS1.5X3-BA</p>\r\n\r\n<ul>\r\n	<li>Heavy duty design</li>\r\n	<li>Contains slots for vertical and horizontal adjustment</li>\r\n	<li>Serrated on both sides for secure mounting on the rail</li>\r\n	<li>3&quot; Tall x 1.5&quot; wide x 2&quot; deep</li>\r\n	<li>Fits 5/16&quot; and 3/8&quot; Fasteners</li>\r\n</ul>\r\n\r\n<p>The Solar SpeedRack L-Foot is universal and can be used with either composite or metal roofs as well as with other manufacturer&rsquo;s flashed mounting systems. The SSR L-Foot has two slots for vertical and horizontal adjustment and is serrated on both sides for secure mounting on the rail. The slots can accommodate a 5/16&rdquo; and 3/8&rdquo; fastener size. The SSR Black L-Foot has a durable anodized coating and was designed with quality, reliability and efficiency.</p>\r\n', '<p><strong>Limited Warranty Conditions</strong><br />\r\nSeller warrants that the Products, when delivered by Seller and for twenty (20) years following the delivery&nbsp;date (the &ldquo;Warranty Period&rdquo;), will be free from defects in material and workmanship, except that any factoryapplied&nbsp;anodized finish is warranted to be free from substantial manufacturing related visible peeling or&nbsp;cracking<br />\r\nor chalking under normal atmospheric conditions for a period of five (5) years (&ldquo;Finish Warranty&rdquo;)&nbsp;and&nbsp;will substantially conform to Seller&#39;s publicly available specifications for such Products in effect at the&nbsp;time&nbsp;of delivery. In the event that the product does not conform to this warranty during the Warranty Period,&nbsp;Solar&nbsp;SpeedRack&reg; will, at its option, either repair or replace the product or pay the cost of having the&nbsp;product&nbsp;repaired or replaced. To the extent permitted by law, Solar SpeedRack&rsquo;s total liability under this&nbsp;warranty&nbsp;will in no circumstances exceed the repair or replacement of the product or payment of the cost of<br />\r\nhaving&nbsp;the product repaired or replaced. In the event of replacement of the product, any remaining part of&nbsp;the&nbsp;Warranty Period will be transferred to the replacement product. This warranty will not apply to any defect&nbsp;or&nbsp;damage to the product arising directly or indirectly from:</p>\r\n\r\n<p><br />\r\n&bull; Shipment or storage of the product;<br />\r\n&nbsp;&bull; Improper installation, maintenance, repair or use of the product;<br />\r\n&nbsp;&bull; Normal wear and tear;<br />\r\n&nbsp;&bull; Misuse, neglect, abuse, accidental damage or modification to the product;<br />\r\n&nbsp;&bull; Failure to observe the instructions set out in the System Manual;<br />\r\n&nbsp;&bull; Power failure, power surges, lightning, fire, explosion, flood, extreme weather conditions,&nbsp;environmental disasters or other.<br />\r\n&nbsp;&bull; Causes outside Solar SpeedRack&rsquo;s control, as determined by Solar SpeedRack&reg; in its sole&nbsp;discretion.</p>\r\n\r\n<p><br />\r\nThis warranty does not cover, and under no circumstances will Solar SpeedRack&reg; be liable for, any costs&nbsp;associated with the removal, shipping, handling or re-installation of the product or the costs of sending&nbsp;personnel to any site to repair or replace the product. This warranty is only provided to the original purchaser&nbsp;of the product from Solar SpeedRack&reg; (Purchaser) or, where the Purchaser is an installer or builder who onsupplies&nbsp;the product to another party, to that other party (End-User). This warranty is not transferable. Where&nbsp;an&nbsp;End-User wants make a claim under this warranty, the End-User must in the first instance contact the&nbsp;installer&nbsp;or builder from whom the product was purchased.</p>\r\n\r\n<p>All&nbsp;warranty claims must be:</p>\r\n\r\n<p>&bull; Made in writing and addressed to the Customer Service Officer, Solar SpeedRack&reg;&nbsp;&nbsp; &nbsp; 2615 Orange Ave,. Santa Ana CA 92704<br />\r\n&nbsp;&bull; Accompanied by proof of purchase of the product in a form acceptable to Solar SpeedRack&reg;, Inc.&nbsp;</p>\r\n\r\n<p>This warranty will not apply to any claims received by Solar SpeedRack after the expiration of the Warranty&nbsp;Period. Solar SpeedRack&reg; makes no warranties, express or implied, other than the warranties made herein,&nbsp;and specifically disclaims all other warranties, representations and conditions to the extent permitted by law. &nbsp;To the extent permitted by law, in no circumstances will Solar SpeedRack&reg; be liable for direct, indirect,&nbsp;special or consequential damages arising from a defective product or for any damage or injury to persons or&nbsp;property. Solar SpeedRack&rsquo;s aggregate liability, if any, in damages or otherwise, will not exceed the invoice&nbsp;value of the product at the time of purchase from Solar SpeedRack&reg;. Any provision contained in this&nbsp;warranty which is prohibited or unenforceable in any jurisdiction will be deemed to be ineffective to the&nbsp;extent of such prohibition or unenforceability and will not invalidate the remaining provisions nor affect the<br />\r\nvalidity or enforceability of that provision in any other jurisdiction. This warranty will be governed and&nbsp;construed in accordance with the laws of the State of California and the parties irrevocably submit to the&nbsp;exclusive jurisdiction of the State of California.</p>\r\n', NULL, NULL, '', 1, 19, 'SA-A-LFS1.5X3-BA', NULL, 1, 0, 1, '2016-07-08', '2016-08-07', '64.35', '', 'Boxes', 3, 0, 0, 0, 0, 1, 'SA-A-LFS1.5X3-BA - SSR L-Foot Black.pdf', NULL, NULL, NULL, 'https://www.youtube.com/embed/HelHDc9Jp9c', '0.00', '50', 0, 'GeneralMerchandise', 'NewCommercialGoods', 24, 58, 1444755851, 1469472191, 1, 0, 1, NULL, NULL, 1, 1, 9, 9970),
(4, 8, 'Solar SpeedRack External 501 Splice Bar Black', '', '<p>Solar SpeedRack External 501 Splice Bar Black</p>\r\n\r\n<p>Part Number:&nbsp;USM-ASM-SBA501-BC</p>\r\n\r\n<p>The&nbsp;Solar SpeedRack External 501 Splice Bar comes pre-assembled with (4) 5/16&quot; T-Bolts that can be installed using a 1/2&quot; Drive Socket. The pre-assbled fasteners have serrated teeth that mechanically bond the splice bar to the rail. No Self-Tapping or Bonding jumpers required. The&nbsp;Solar SpeedRack External 501 Splice Bar is UL2703 Compliant and comes in durable high quality black finish.</p>\r\n', '<p><strong>Limited Warranty Conditions</strong><br />\r\nSeller warrants that the Products, when delivered by Seller and for twenty (20) years following the delivery&nbsp;date (the &ldquo;Warranty Period&rdquo;), will be free from defects in material and workmanship, except that any factoryapplied&nbsp;anodized finish is warranted to be free from substantial manufacturing related visible peeling or&nbsp;cracking<br />\r\nor chalking under normal atmospheric conditions for a period of five (5) years (&ldquo;Finish Warranty&rdquo;)&nbsp;and&nbsp;will substantially conform to Seller&#39;s publicly available specifications for such Products in effect at the&nbsp;time&nbsp;of delivery. In the event that the product does not conform to this warranty during the Warranty Period,&nbsp;Solar&nbsp;SpeedRack&reg; will, at its option, either repair or replace the product or pay the cost of having the&nbsp;product&nbsp;repaired or replaced. To the extent permitted by law, Solar SpeedRack&rsquo;s total liability under this&nbsp;warranty&nbsp;will in no circumstances exceed the repair or replacement of the product or payment of the cost of<br />\r\nhaving&nbsp;the product repaired or replaced. In the event of replacement of the product, any remaining part of&nbsp;the&nbsp;Warranty Period will be transferred to the replacement product. This warranty will not apply to any defect&nbsp;or&nbsp;damage to the product arising directly or indirectly from:</p>\r\n\r\n<p><br />\r\n&bull; Shipment or storage of the product;<br />\r\n&nbsp;&bull; Improper installation, maintenance, repair or use of the product;<br />\r\n&nbsp;&bull; Normal wear and tear;<br />\r\n&nbsp;&bull; Misuse, neglect, abuse, accidental damage or modification to the product;<br />\r\n&nbsp;&bull; Failure to observe the instructions set out in the System Manual;<br />\r\n&nbsp;&bull; Power failure, power surges, lightning, fire, explosion, flood, extreme weather conditions,&nbsp;environmental disasters or other.<br />\r\n&nbsp;&bull; Causes outside Solar SpeedRack&rsquo;s control, as determined by Solar SpeedRack&reg; in its sole&nbsp;discretion.</p>\r\n\r\n<p><br />\r\nThis warranty does not cover, and under no circumstances will Solar SpeedRack&reg; be liable for, any costs&nbsp;associated with the removal, shipping, handling or re-installation of the product or the costs of sending&nbsp;personnel to any site to repair or replace the product. This warranty is only provided to the original purchaser&nbsp;of the product from Solar SpeedRack&reg; (Purchaser) or, where the Purchaser is an installer or builder who onsupplies&nbsp;the product to another party, to that other party (End-User). This warranty is not transferable. Where&nbsp;an&nbsp;End-User wants make a claim under this warranty, the End-User must in the first instance contact the&nbsp;installer&nbsp;or builder from whom the product was purchased.</p>\r\n\r\n<p>All&nbsp;warranty claims must be:</p>\r\n\r\n<p>&bull; Made in writing and addressed to the Customer Service Officer, Solar SpeedRack&reg;&nbsp;&nbsp; &nbsp; 2615 Orange Ave,. Santa Ana CA 92704<br />\r\n&nbsp;&bull; Accompanied by proof of purchase of the product in a form acceptable to Solar SpeedRack&reg;, Inc.&nbsp;</p>\r\n\r\n<p>This warranty will not apply to any claims received by Solar SpeedRack after the expiration of the Warranty&nbsp;Period. Solar SpeedRack&reg; makes no warranties, express or implied, other than the warranties made herein,&nbsp;and specifically disclaims all other warranties, representations and conditions to the extent permitted by law. &nbsp;To the extent permitted by law, in no circumstances will Solar SpeedRack&reg; be liable for direct, indirect,&nbsp;special or consequential damages arising from a defective product or for any damage or injury to persons or&nbsp;property. Solar SpeedRack&rsquo;s aggregate liability, if any, in damages or otherwise, will not exceed the invoice&nbsp;value of the product at the time of purchase from Solar SpeedRack&reg;. Any provision contained in this&nbsp;warranty which is prohibited or unenforceable in any jurisdiction will be deemed to be ineffective to the&nbsp;extent of such prohibition or unenforceability and will not invalidate the remaining provisions nor affect the<br />\r\nvalidity or enforceability of that provision in any other jurisdiction. This warranty will be governed and&nbsp;construed in accordance with the laws of the State of California and the parties irrevocably submit to the&nbsp;exclusive jurisdiction of the State of California.</p>\r\n', NULL, NULL, '', 1, 19, 'USM-ASM-SBA501-BC', NULL, 1, 0, 1, '2016-07-08', '2016-08-07', '118.80', '', 'Boxes', 3, 0, 0, 0, 0, 1, 'USM-ASM-SBA501-BC - SSR External Splice Bar Assembly.pdf', NULL, NULL, NULL, 'https://www.youtube.com/embed/HelHDc9Jp9c', '0.00', '50', 0, 'GeneralMerchandise', 'NewCommercialGoods', 24, 58, 1444756020, 1469472191, 1, 0, 1, NULL, NULL, 1, 1, 9, 9978),
(5, 8, 'Solar SpeedRack Assembled 5/16" T-Bolt Black', '', '<p>Solar SpeedRack Assembled 5/16&quot; T-Bolt Black</p>\r\n\r\n<p>Part Number: SA-ASM-TBK-BC</p>\r\n\r\n<ul>\r\n	<li>Comes pre-assembled</li>\r\n	<li>Nylon patched</li>\r\n	<li>Serrated edges for mechanical bonding</li>\r\n	<li>High quality 304 Stainless Steel</li>\r\n</ul>\r\n\r\n<p>The Solar SpeedRack assembled T-Bolt comes pre-assembled and ready to go. Insert the 5/16&quot; T-Bolt anywhere along a channel and fasten with a 1/2&quot; Drive Socket.</p>\r\n', '<p><strong>Limited Warranty Conditions</strong><br />\r\nSeller warrants that the Products, when delivered by Seller and for twenty (20) years following the delivery&nbsp;date (the &ldquo;Warranty Period&rdquo;), will be free from defects in material and workmanship, except that any factoryapplied&nbsp;anodized finish is warranted to be free from substantial manufacturing related visible peeling or&nbsp;cracking<br />\r\nor chalking under normal atmospheric conditions for a period of five (5) years (&ldquo;Finish Warranty&rdquo;)&nbsp;and&nbsp;will substantially conform to Seller&#39;s publicly available specifications for such Products in effect at the&nbsp;time&nbsp;of delivery. In the event that the product does not conform to this warranty during the Warranty Period,&nbsp;Solar&nbsp;SpeedRack&reg; will, at its option, either repair or replace the product or pay the cost of having the&nbsp;product&nbsp;repaired or replaced. To the extent permitted by law, Solar SpeedRack&rsquo;s total liability under this&nbsp;warranty&nbsp;will in no circumstances exceed the repair or replacement of the product or payment of the cost of<br />\r\nhaving&nbsp;the product repaired or replaced. In the event of replacement of the product, any remaining part of&nbsp;the&nbsp;Warranty Period will be transferred to the replacement product. This warranty will not apply to any defect&nbsp;or&nbsp;damage to the product arising directly or indirectly from:</p>\r\n\r\n<p><br />\r\n&bull; Shipment or storage of the product;<br />\r\n&nbsp;&bull; Improper installation, maintenance, repair or use of the product;<br />\r\n&nbsp;&bull; Normal wear and tear;<br />\r\n&nbsp;&bull; Misuse, neglect, abuse, accidental damage or modification to the product;<br />\r\n&nbsp;&bull; Failure to observe the instructions set out in the System Manual;<br />\r\n&nbsp;&bull; Power failure, power surges, lightning, fire, explosion, flood, extreme weather conditions,&nbsp;environmental disasters or other.<br />\r\n&nbsp;&bull; Causes outside Solar SpeedRack&rsquo;s control, as determined by Solar SpeedRack&reg; in its sole&nbsp;discretion.</p>\r\n\r\n<p><br />\r\nThis warranty does not cover, and under no circumstances will Solar SpeedRack&reg; be liable for, any costs&nbsp;associated with the removal, shipping, handling or re-installation of the product or the costs of sending&nbsp;personnel to any site to repair or replace the product. This warranty is only provided to the original purchaser&nbsp;of the product from Solar SpeedRack&reg; (Purchaser) or, where the Purchaser is an installer or builder who onsupplies&nbsp;the product to another party, to that other party (End-User). This warranty is not transferable. Where&nbsp;an&nbsp;End-User wants make a claim under this warranty, the End-User must in the first instance contact the&nbsp;installer&nbsp;or builder from whom the product was purchased.</p>\r\n\r\n<p>All&nbsp;warranty claims must be:</p>\r\n\r\n<p>&bull; Made in writing and addressed to the Customer Service Officer, Solar SpeedRack&reg;&nbsp;&nbsp; &nbsp; 2615 Orange Ave,. Santa Ana CA 92704<br />\r\n&nbsp;&bull; Accompanied by proof of purchase of the product in a form acceptable to Solar SpeedRack&reg;, Inc.&nbsp;</p>\r\n\r\n<p>This warranty will not apply to any claims received by Solar SpeedRack after the expiration of the Warranty&nbsp;Period. Solar SpeedRack&reg; makes no warranties, express or implied, other than the warranties made herein,&nbsp;and specifically disclaims all other warranties, representations and conditions to the extent permitted by law. &nbsp;To the extent permitted by law, in no circumstances will Solar SpeedRack&reg; be liable for direct, indirect,&nbsp;special or consequential damages arising from a defective product or for any damage or injury to persons or&nbsp;property. Solar SpeedRack&rsquo;s aggregate liability, if any, in damages or otherwise, will not exceed the invoice&nbsp;value of the product at the time of purchase from Solar SpeedRack&reg;. Any provision contained in this&nbsp;warranty which is prohibited or unenforceable in any jurisdiction will be deemed to be ineffective to the&nbsp;extent of such prohibition or unenforceability and will not invalidate the remaining provisions nor affect the<br />\r\nvalidity or enforceability of that provision in any other jurisdiction. This warranty will be governed and&nbsp;construed in accordance with the laws of the State of California and the parties irrevocably submit to the&nbsp;exclusive jurisdiction of the State of California.</p>\r\n', NULL, NULL, '', 1, 19, 'SA-ASM-TBK-BC', NULL, 1, 0, 0, NULL, NULL, '76.60', '', 'Boxes', 3, 0, 0, 0, 0, 1, 'SA-ASM-TBK-R3-BC - SSR Assembled T-Bolt.pdf', NULL, NULL, NULL, 'https://www.youtube.com/embed/HelHDc9Jp9c', '0.00', '50', 0, 'GeneralMerchandise', 'NewCommercialGoods', 24, 58, 1444756248, 1469472191, 1, 0, 1, NULL, NULL, 1, 1, 9, 9876),
(6, 8, 'SSR SpeedMount End Cap with 5/16" Fastener Kit Black', '', '<p>SSR SpeedMount End Cap with 5/16&quot; Fastener Kit Black</p>\r\n\r\n<p>Part Number:&nbsp;SA-KIT-ECUSMSR-BA</p>\r\n\r\n<p>The Solar SpeedMount End Cap comes with a 5/16&quot; fastener and installs with a 1/2&quot; Drive Socket.</p>\r\n\r\n<p>End Cap is made from high quality aluminum and 5/16&quot; Fastener is 304 Stainless Steel.</p>\r\n', '<p><strong>Limited Warranty Conditions</strong><br />\r\nSeller warrants that the Products, when delivered by Seller and for twenty (20) years following the delivery&nbsp;date (the &ldquo;Warranty Period&rdquo;), will be free from defects in material and workmanship, except that any factoryapplied&nbsp;anodized finish is warranted to be free from substantial manufacturing related visible peeling or&nbsp;cracking<br />\r\nor chalking under normal atmospheric conditions for a period of five (5) years (&ldquo;Finish Warranty&rdquo;)&nbsp;and&nbsp;will substantially conform to Seller&#39;s publicly available specifications for such Products in effect at the&nbsp;time&nbsp;of delivery. In the event that the product does not conform to this warranty during the Warranty Period,&nbsp;Solar&nbsp;SpeedRack&reg; will, at its option, either repair or replace the product or pay the cost of having the&nbsp;product&nbsp;repaired or replaced. To the extent permitted by law, Solar SpeedRack&rsquo;s total liability under this&nbsp;warranty&nbsp;will in no circumstances exceed the repair or replacement of the product or payment of the cost of<br />\r\nhaving&nbsp;the product repaired or replaced. In the event of replacement of the product, any remaining part of&nbsp;the&nbsp;Warranty Period will be transferred to the replacement product. This warranty will not apply to any defect&nbsp;or&nbsp;damage to the product arising directly or indirectly from:</p>\r\n\r\n<p><br />\r\n&bull; Shipment or storage of the product;<br />\r\n&nbsp;&bull; Improper installation, maintenance, repair or use of the product;<br />\r\n&nbsp;&bull; Normal wear and tear;<br />\r\n&nbsp;&bull; Misuse, neglect, abuse, accidental damage or modification to the product;<br />\r\n&nbsp;&bull; Failure to observe the instructions set out in the System Manual;<br />\r\n&nbsp;&bull; Power failure, power surges, lightning, fire, explosion, flood, extreme weather conditions,&nbsp;environmental disasters or other.<br />\r\n&nbsp;&bull; Causes outside Solar SpeedRack&rsquo;s control, as determined by Solar SpeedRack&reg; in its sole&nbsp;discretion.</p>\r\n\r\n<p><br />\r\nThis warranty does not cover, and under no circumstances will Solar SpeedRack&reg; be liable for, any costs&nbsp;associated with the removal, shipping, handling or re-installation of the product or the costs of sending&nbsp;personnel to any site to repair or replace the product. This warranty is only provided to the original purchaser&nbsp;of the product from Solar SpeedRack&reg; (Purchaser) or, where the Purchaser is an installer or builder who onsupplies&nbsp;the product to another party, to that other party (End-User). This warranty is not transferable. Where&nbsp;an&nbsp;End-User wants make a claim under this warranty, the End-User must in the first instance contact the&nbsp;installer&nbsp;or builder from whom the product was purchased.</p>\r\n\r\n<p>All&nbsp;warranty claims must be:</p>\r\n\r\n<p>&bull; Made in writing and addressed to the Customer Service Officer, Solar SpeedRack&reg;&nbsp;&nbsp; &nbsp; 2615 Orange Ave,. Santa Ana CA 92704<br />\r\n&nbsp;&bull; Accompanied by proof of purchase of the product in a form acceptable to Solar SpeedRack&reg;, Inc.&nbsp;</p>\r\n\r\n<p>This warranty will not apply to any claims received by Solar SpeedRack after the expiration of the Warranty&nbsp;Period. Solar SpeedRack&reg; makes no warranties, express or implied, other than the warranties made herein,&nbsp;and specifically disclaims all other warranties, representations and conditions to the extent permitted by law. &nbsp;To the extent permitted by law, in no circumstances will Solar SpeedRack&reg; be liable for direct, indirect,&nbsp;special or consequential damages arising from a defective product or for any damage or injury to persons or&nbsp;property. Solar SpeedRack&rsquo;s aggregate liability, if any, in damages or otherwise, will not exceed the invoice&nbsp;value of the product at the time of purchase from Solar SpeedRack&reg;. Any provision contained in this&nbsp;warranty which is prohibited or unenforceable in any jurisdiction will be deemed to be ineffective to the&nbsp;extent of such prohibition or unenforceability and will not invalidate the remaining provisions nor affect the<br />\r\nvalidity or enforceability of that provision in any other jurisdiction. This warranty will be governed and&nbsp;construed in accordance with the laws of the State of California and the parties irrevocably submit to the&nbsp;exclusive jurisdiction of the State of California.</p>\r\n', NULL, NULL, '', 1, 19, 'SA-KIT-ECUSMSR-BA', NULL, 1, 0, 0, NULL, NULL, '126.72', '', 'Boxes', 3, 0, 0, 0, 0, 1, 'SA-KIT-ECUSMSR-BA - SSR SpeedMount End Cap Kit.pdf', NULL, NULL, NULL, 'https://www.youtube.com/embed/HelHDc9Jp9c', '0.00', '50', 0, 'GeneralMerchandise', 'NewCommercialGoods', 24, 58, 1444756366, 1469472191, 1, 0, 1, NULL, NULL, 1, 1, 9, 9984),
(2222, 5, 'SOLAREDGE SE Grounding Lug, Qt.1', '', '<b>SOLAREDGE SE Grounding Lug, Qt.1</b>&nbsp;<br><br>SOLAREDGE Grounding Lug for Optimizers SE-GNDLUG5-100, Qt.1', '            <div>              <ul>                <li>Characteristics</li>                <li><span class="label">Manufacturer</span><span class="value">SolarEdge</span></li>                <li><span class="label">Model</span><span class="value">SE-GNDLUG5-100</span></li>                <li><span class="label">Rated Power Output [W]</span><span class="value"></span></li>                <li><span class="label">Length [mm (in)]</span><span class="value"></span></li>                <li><span class="label">Width [mm (in)]</span><span class="value"></span></li>                <li><span class="label">Depth [mm (in)]</span><span class="value"></span></li>                <li><span class="label">Weight [kg (lb)]</span><span class="value"></span></li>                <li><span class="label">Warranty [Years]</span><span class="value"></span></li>              </ul>              <ul>                <li>Surge/Lightning Protection</li>                <li><span class="label">Maximum Volts [Vdc]</span><span class="value"></span></li>                <li><span class="label">Discharge Current [kA]</span><span class="value"></span></li>                <li><span class="label">Nominal DC Voltage Range [Vdc]</span><span class="value"></span></li>                <li><span class="label">Nominal AC Voltage [Vac]</span><span class="value"></span></li>              </ul>              <ul>                <li>Modules</li>                <li><span class="label">Tier Level</span><span class="value"></span></li>                <li><span class="label">Lower Output Tolerance [-%]</span><span class="value"></span></li>                <li><span class="label">Upper Output Tolerance [%]</span><span class="value"></span></li>                <li><span class="label">Only suitable for transformer inverters</span><span class="value">No</span></li>                <li><span class="label">Pmax - Maximum Power (STC) [W]</span><span class="value"></span></li>                <li><span class="label">Voc - Open Circuit Voltage (STC) [V]</span><span class="value"></span></li>                <li><span class="label">Isc - Short Circuit Current (STC) [A]</span><span class="value"></span></li>                <li><span class="label">Vmpp-Voltage at Maximum Power (STC) [V]</span><span class="value"></span></li>                <li><span class="label">Impp-Current at Maximum Power (STC) [A]</span><span class="value"></span></li>                <li><span class="label">Cell Efficiency (STC) [%]</span><span class="value"></span></li>                <li><span class="label">Module Efficiency (STC) [%]</span><span class="value"></span></li>                <li><span class="label">Pmax - Maximum Power (NOCT) [W]</span><span class="value"></span></li>                <li><span class="label">Voc - Open Circuit Voltage (NOCT) [V]</span><span class="value"></span></li>                <li><span class="label">Isc - Short Circuit Current (NOCT) [A]</span><span class="value"></span></li>                <li><span class="label">Impp-Current at Maximum Power (NOCT) [A]</span><span class="value"></span></li>                <li><span class="label">Vmpp-Voltage at Maximum Power (NOCT) [V]</span><span class="value"></span></li>                <li><span class="label">Cell Efficiency (NOCT) [%]</span><span class="value"></span></li>                <li><span class="label">Module Efficiency (NOCT) [%]</span><span class="value"></span></li>                <li><span class="label">Nominal Operating Cell Temperature NOCT</span><span class="value"></span></li>                <li><span class="label">Maximum System Voltage [V]</span><span class="value"></span></li>                <li><span class="label">Series Fuse Rating [A]</span><span class="value"></span></li>                <li><span class="label">Maximum Reverse Current [A]</span><span class="value"></span></li>                <li><span class="label">Cell Technology</span><span class="value"></span></li>                <li><span class="label">Solar Cell''s Country of Origin</span><span class="value"></span></li>                <li><span class="label">Solar Cell Size</span><span class="value"></span></li>                <li><span class="label">Number of Cells (Pieces)</span><span class="value"></span></li>                <li><span class="label">Number of Bypass Diodes</span><span class="value"></span></li>                <li><span class="label">Frame Color</span><span class="value"></span></li>                <li><span class="label">Back Cover</span><span class="value"></span></li>                <li><span class="label">Junction Box</span><span class="value"></span></li>                <li><span class="label">Output Cables</span><span class="value">Double Insulated 1.8 m / 5.9 ft length ; MC4</span></li>                <li><span class="label">Connector</span><span class="value"></span></li>                <li><span class="label">Hail Safety Impact Velocity [mm at m/s]</span><span class="value"></span></li>                <li><span class="label">Fire Safety Classification (IEC 61730)</span><span class="value"></span></li>                <li><span class="label">Static Load Wind / Snow [Pa]</span><span class="value"></span></li>                <li><span class="label">Normal Operating Cell Temperature (NOCT)</span><span class="value"></span></li>                <li><span class="label">Temperature Coefficients of P [%/°C]</span><span class="value"></span></li>                <li><span class="label">Temperature Coefficients of V (Uoc)</span><span class="value"></span></li>                <li><span class="label">Temperature Coefficients of I (Isc)</span><span class="value"></span></li>                <li><span class="label">Storage Temperature [°C]</span><span class="value"></span></li>                <li><span class="label">Packaging Configuration</span><span class="value"></span></li>                <li><span class="label">Loading Capacity  (40 ft. Container)</span><span class="value"></span></li>                <li><span class="label">80% Power Output Warranty Period</span><span class="value"></span></li>                <li><span class="label">90% Power Output Warranty Period</span><span class="value"></span></li>                <li><span class="label">Workmanship Warranty Period</span><span class="value"></span></li>                <li><span class="label">CSI Listed</span><span class="value"></span></li>              </ul>              <ul>                <li>Inverters</li>                <li><span class="label">Inverter Type</span><span class="value"></span></li>                <li><span class="label">Maximum/Peak Efficiency [%]</span><span class="value"></span></li>                <li><span class="label">CEC weighted efficiency [%]</span><span class="value"></span></li>                <li><span class="label">Transformer / Transformerless</span><span class="value"></span></li>                <li><span class="label">DC Power Rating [W]</span><span class="value"></span></li>                <li><span class="label">Nom. DC Voltage [V]</span><span class="value"></span></li>                <li><span class="label">Max. Input Power [W]</span><span class="value"></span></li>                <li><span class="label">Max. Input Voltage [V]</span><span class="value"></span></li>                <li><span class="label">Max. Input Current [A]</span><span class="value"></span></li>                <li><span class="label">MPP voltage range [V]</span><span class="value"></span></li>                <li><span class="label">Min. DC voltage / start voltage [V]</span><span class="value"></span></li>                <li><span class="label">Feed-in From [W]</span><span class="value"></span></li>                <li><span class="label">Number of DC String Inputs (Inlets)</span><span class="value"></span></li>                <li><span class="label">Number of MPP Trackers</span><span class="value"></span></li>                <li><span class="label">Max. Input Power per MPPT [W]</span><span class="value"></span></li>                <li><span class="label">Max. Input Voltage per MPPT [V]</span><span class="value"></span></li>                <li><span class="label">Max. Input Current per MPPT [A]</span><span class="value"></span></li>                <li><span class="label">Voltage Lower Limit for MPP Range [V]</span><span class="value"></span></li>                <li><span class="label">Voltage Upper Limit for MPP Range [V]</span><span class="value"></span></li>                <li><span class="label">DC Disconnection Type</span><span class="value"></span></li>                <li><span class="label">Reverse-Polarity Protection</span><span class="value">No</span></li>                <li><span class="label">Ground-Fault Isolation Detection</span><span class="value"></span></li>                <li><span class="label">AC Power Rating [W]</span><span class="value"></span></li>                <li><span class="label">Nominal AC Power [W]</span><span class="value"></span></li>                <li><span class="label">Max. AC Power [W]</span><span class="value"></span></li>                <li><span class="label">AC voltage range [V]</span><span class="value"></span></li>                <li><span class="label">AC grid frequency [Hz]</span><span class="value"></span></li>                <li><span class="label">Max. output current [A]</span><span class="value"></span></li>                <li><span class="label">Nominal AC Voltage [V]</span><span class="value"></span></li>                <li><span class="label">Maximum AC Voltage Range [V]</span><span class="value"></span></li>                <li><span class="label">Nominal AC Frequency [Hz], range [Hz-Hz]</span><span class="value"></span></li>                <li><span class="label">Max. AC Line Current [A]</span><span class="value"></span></li>                <li><span class="label">AC Connection Type</span><span class="value"></span></li>                <li><span class="label">AC Current Distortion [THD%]</span><span class="value"></span></li>                <li><span class="label">AC Disconnect</span><span class="value">No</span></li>                <li><span class="label">AC Input Wire Gauge Range [AWG]</span><span class="value"></span></li>                <li><span class="label">Max Microinverters Units per xA string</span><span class="value"></span></li>                <li><span class="label">Sleep (Night) Consumption [W]</span><span class="value"></span></li>                <li><span class="label">Standby Consumption [W]</span><span class="value"></span></li>                <li><span class="label">CSI-Approved Built-in Meter</span><span class="value">No</span></li>                <li><span class="label">NEMA Enclosure Rating</span><span class="value"></span></li>                <li><span class="label">Cooling Method</span><span class="value"></span></li>                <li><span class="label">Ambient Temperature Range [°C(°F)]</span><span class="value"></span></li>                <li><span class="label">Operating Humidity [%]</span><span class="value"></span></li>                <li><span class="label">Operating Altitude [ft/m]</span><span class="value"></span></li>                <li><span class="label">Display</span><span class="value"></span></li>                <li><span class="label">Communication</span><span class="value"></span></li>                <li><span class="label">Basic Warranty [Years]</span><span class="value"></span></li>                <li><span class="label">Warranty Extension Options [Years]</span><span class="value"></span></li>                <li><span class="label">Safety and EMC Standard</span><span class="value"></span></li>                <li><span class="label">Grid Standard</span><span class="value"></span></li>                <li><span class="label">Compliances</span><span class="value"></span></li>                <li><span class="label">AC grid range [Hz]</span><span class="value"></span></li>                <li><span class="label">Max. recommended PV power (@ module STC)</span><span class="value"></span></li>              </ul>              <ul>                <li>Fuses and Holders</li>                <li><span class="label">Amps [A]</span><span class="value"></span></li>              </ul>              <ul>                <li>Data Logers</li>                <li><span class="label">Bluetooth (BT)</span><span class="value">No</span></li>                <li><span class="label">WiFi (wireless LAN)</span><span class="value">No</span></li>                <li><span class="label">Powermanagement (PM+)</span><span class="value">No</span></li>                <li><span class="label">Powermanagement (PM+) / GPRS</span><span class="value">No</span></li>                <li><span class="label">Powermanagement (PM+) / WiFi</span><span class="value">No</span></li>                <li><span class="label">GPRS</span><span class="value">No</span></li>                <li><span class="label">Central inverter SCB and SMB</span><span class="value">No</span></li>                <li><span class="label">Max. no. inverters</span><span class="value"></span></li>                <li><span class="label">Communication interface</span><span class="value"></span></li>                <li><span class="label">Inverter mixed operation</span><span class="value">No</span></li>                <li><span class="label">Measured max. plant size [kWp]</span><span class="value"></span></li>                <li><span class="label">Max. cable length</span><span class="value"></span></li>                <li><span class="label">String monitoring-depends on inv. model</span><span class="value">No</span></li>                <li><span class="label">Inverter failure</span><span class="value">No</span></li>                <li><span class="label">Performance monitoring for each inverter</span><span class="value">No</span></li>                <li><span class="label">Status/fault monitoring</span><span class="value">No</span></li>                <li><span class="label">Connection to sensor system</span><span class="value">No</span></li>                <li><span class="label">Connection to Sensor Basic</span><span class="value">No</span></li>                <li><span class="label">Email and SMS alarm</span><span class="value">No</span></li>                <li><span class="label">Local alarm (pot. free contact)</span><span class="value">No</span></li>                <li><span class="label">Yield forecasting</span><span class="value">No</span></li>                <li><span class="label">Degradation calculation</span><span class="value">No</span></li>                <li><span class="label">Connection to digital meter reader</span><span class="value">No</span></li>                <li><span class="label">Integrated webserver</span><span class="value">No</span></li>                <li><span class="label">Graphic visualisation - local PC</span><span class="value">No</span></li>                <li><span class="label">Graphic visualisation - USB stick</span><span class="value">No</span></li>                <li><span class="label">Graphic visualisation - internet</span><span class="value">No</span></li>                <li><span class="label">LED status display</span><span class="value">No</span></li>                <li><span class="label">Operation on device</span><span class="value">No</span></li>                <li><span class="label">Large display RS485/S0 pulse</span><span class="value">No</span></li>                <li><span class="label">S₀ in/out</span><span class="value"></span></li>                <li><span class="label">Ethernet network</span><span class="value">No</span></li>                <li><span class="label">USB stick</span><span class="value">No</span></li>                <li><span class="label">Analogue modem / GPRS(GSM)</span><span class="value">No</span></li>                <li><span class="label">Potential-free contact (relay)</span><span class="value">No</span></li>                <li><span class="label">Alarm contact (anti-theft)</span><span class="value">No</span></li>                <li><span class="label">Mains voltage / device voltage [Vac/Vdc]</span><span class="value"></span></li>                <li><span class="label">Power consumption [W]</span><span class="value"></span></li>                <li><span class="label">Ambient Temperature [°C(°F)]</span><span class="value"></span></li>                <li><span class="label">Assembly</span><span class="value"></span></li>                <li><span class="label">Protection class for logger</span><span class="value"></span></li>                <li><span class="label">Connection to Solar-LogTM WEB</span><span class="value">No</span></li>                <li><span class="label">Multilingual (DE, EN, ES, FR, IT, NL)</span><span class="value">No</span></li>                <li><span class="label">Memory</span><span class="value"></span></li>              </ul>              <ul>                <li>Connectors</li>                <li><span class="label">Pre-configured (p), Configurable (c)</span><span class="value"></span></li>                <li><span class="label">Test Specifications</span><span class="value"></span></li>                <li><span class="label">Lockable</span><span class="value">No</span></li>                <li><span class="label">Protection Type Connected / Disconnected</span><span class="value"></span></li>                <li><span class="label">Approved Temperature Range [°C]</span><span class="value"></span></li>                <li><span class="label">Rated Current, Specified Cable Cross-sec</span><span class="value"></span></li>                <li><span class="label">Contact Resistance [mΩ]</span><span class="value"></span></li>                <li><span class="label">Max. System DC Voltage [V]</span><span class="value"></span></li>                <li><span class="label">Protection Class</span><span class="value"></span></li>                <li><span class="label">Contact Material</span><span class="value"></span></li>                <li><span class="label">Plug Face is Similar to</span><span class="value"></span></li>                <li><span class="label">Combinable w original type confirmed by</span><span class="value"></span></li>                <li><span class="label">Measurements (length x cross-section)</span><span class="value"></span></li>              </ul>              <ul>                <li>Combiners</li>                <li><span class="label">Usable Cable Cross-section</span><span class="value"></span></li>                <li><span class="label">Number of Breakers</span><span class="value"></span></li>                <li><span class="label">Number of Fuse Holders</span><span class="value"></span></li>                <li><span class="label">Combiner Voltage Rating (VDC)</span><span class="value"></span></li>                <li><span class="label">Combiner Maximum DC Current (A)</span><span class="value"></span></li>                <li><span class="label">Max. Input Short Cir. Current/String [A]</span><span class="value"></span></li>                <li><span class="label">Maximum Continuous Current (A)</span><span class="value"></span></li>                <li><span class="label">Max. Input Current Per String (A)</span><span class="value"></span></li>                <li><span class="label">Combiner Maximum Voltage (VDC)</span><span class="value"></span></li>                <li><span class="label">Combiner Positive Output Wire Size (mm2)</span><span class="value"></span></li>                <li><span class="label">Output Wire Size (mm2)</span><span class="value"></span></li>                <li><span class="label">Max. Positive Input Wire Size (mm2)</span><span class="value"></span></li>                <li><span class="label">Max. Negative Input Wire Size (mm2)</span><span class="value"></span></li>                <li><span class="label">Combiner Negative Output Wire Size (mm2)</span><span class="value"></span></li>                <li><span class="label">Combiner Input Wire Size (mm2)</span><span class="value"></span></li>                <li><span class="label">Combiner Enclosure Rating</span><span class="value"></span></li>                <li><span class="label">Combiner Maximum Input Fuse Rating (A)</span><span class="value"></span></li>                <li><span class="label">Combiner Operating Temperature (C˚)</span><span class="value"></span></li>              </ul>              <ul>                <li>Cables</li>                <li><span class="label">Reel Length (Imperial)</span><span class="value"></span></li>                <li><span class="label">Cable (Wire) Size [mm² (AWG)]</span><span class="value"></span></li>                <li><span class="label">Jacket Color</span><span class="value"></span></li>                <li><span class="label">Cable Conductor Material</span><span class="value"></span></li>                <li><span class="label">Cable Voltage Rating [V]</span><span class="value"></span></li>              </ul>              <ul>                <li>Breakers</li>                <li><span class="label">Circuit Breaker Amps [A]</span><span class="value"></span></li>                <li><span class="label">Poles</span><span class="value"></span></li>                <li><span class="label">AC Voltage Rating [Vac]</span><span class="value"></span></li>                <li><span class="label">DC Voltage Rating [Vdc]</span><span class="value"></span></li>                <li><span class="label">Fused</span><span class="value">No</span></li>              </ul>            </div>            <div></div>          ', '        ', '', '5 Days', 5, 28, 'SE-GNDLUG5-100', 'SE-GNDLUG5-100', 1, 0, 0, NULL, NULL, NULL, NULL, 'Boxes', 2, 5, 0, 0, 0, 1, NULL, NULL, NULL, NULL, NULL, '0.00', '50', 0, 'GeneralMerchandise', 'NewCommercialGoods', 1, 1, 1455207287, 1461277592, 1, 0, 1, 'http://www.renvu.com/PL/Price-List-IronRidge', 'http://www.renvu.com/Inverters/Optimizers-Maximizers/SOLAREDGE-DC-Power-Optimizer-P600-2NM4ARL-Module-Add-On-600W-96VDC-MC4-connectors_4', 1, 1, 0, 10000);
INSERT INTO `product` (`id`, `company_id`, `name`, `note`, `features`, `specifications`, `videos`, `downloads`, `estimated_handling_time`, `minimum_order`, `manufacturer_id`, `manufacturer_product_code`, `code`, `shared_compatible`, `standard_compatible`, `on_sale`, `sale_start`, `sale_end`, `msrp`, `nmfc`, `package_type`, `category_id`, `sub_category_id`, `is_inverter`, `is_roof_attachment`, `calculate_per_foot`, `free_shipping`, `pdf`, `pdf2`, `pdf3`, `cad`, `youtube`, `rating`, `class`, `hazardous`, `commodity_type`, `content_type`, `created_by`, `updated_by`, `created_at`, `updated_at`, `status`, `current_stock`, `handling_id`, `reference_url`, `product_link`, `need_shipping`, `need_tax`, `order`, `available_stock`) VALUES
(2348, 8, 'Solar SpeedRack SpeedFoot Kit Black', '', '<p>Solar SpeedRack SpeedFoot Kit Black</p>\r\n\r\n<p>Part Number:&nbsp;SA-ASM-SQF01-BC</p>\r\n\r\n<ul>\r\n	<li>Non-Pentrating Mount Attachment</li>\r\n	<li>Reduces roof penetrations</li>\r\n	<li>Made from recycled materials</li>\r\n	<li>Comes pre-assmbled</li>\r\n</ul>\r\n\r\n<p>The Solar SpeedFoot is an&nbsp;innovative weight distribution block made of recycled materials and comes with an aluminum L-Foot. Install this mount between penetrations with a 5/16&quot; T-Bolt or fastener with a 1/2&quot; Drive Socket. The Solar SpeedFoot provides additional support to distribute dead load across the interior span of the rail between penetrations. The L-Foot can be flipped for a higher adjustable range and clearance.</p>\r\n', '<p><strong>Limited Warranty Conditions</strong><br />\r\nSeller warrants that the Products, when delivered by Seller and for twenty (20) years following the delivery&nbsp;date (the &ldquo;Warranty Period&rdquo;), will be free from defects in material and workmanship, except that any factoryapplied&nbsp;anodized finish is warranted to be free from substantial manufacturing related visible peeling or&nbsp;cracking<br />\r\nor chalking under normal atmospheric conditions for a period of five (5) years (&ldquo;Finish Warranty&rdquo;)&nbsp;and&nbsp;will substantially conform to Seller&#39;s publicly available specifications for such Products in effect at the&nbsp;time&nbsp;of delivery. In the event that the product does not conform to this warranty during the Warranty Period,&nbsp;Solar&nbsp;SpeedRack&reg; will, at its option, either repair or replace the product or pay the cost of having the&nbsp;product&nbsp;repaired or replaced. To the extent permitted by law, Solar SpeedRack&rsquo;s total liability under this&nbsp;warranty&nbsp;will in no circumstances exceed the repair or replacement of the product or payment of the cost of<br />\r\nhaving&nbsp;the product repaired or replaced. In the event of replacement of the product, any remaining part of&nbsp;the&nbsp;Warranty Period will be transferred to the replacement product. This warranty will not apply to any defect&nbsp;or&nbsp;damage to the product arising directly or indirectly from:</p>\r\n\r\n<p><br />\r\n&bull; Shipment or storage of the product;<br />\r\n&nbsp;&bull; Improper installation, maintenance, repair or use of the product;<br />\r\n&nbsp;&bull; Normal wear and tear;<br />\r\n&nbsp;&bull; Misuse, neglect, abuse, accidental damage or modification to the product;<br />\r\n&nbsp;&bull; Failure to observe the instructions set out in the System Manual;<br />\r\n&nbsp;&bull; Power failure, power surges, lightning, fire, explosion, flood, extreme weather conditions,&nbsp;environmental disasters or other.<br />\r\n&nbsp;&bull; Causes outside Solar SpeedRack&rsquo;s control, as determined by Solar SpeedRack&reg; in its sole&nbsp;discretion.</p>\r\n\r\n<p><br />\r\nThis warranty does not cover, and under no circumstances will Solar SpeedRack&reg; be liable for, any costs&nbsp;associated with the removal, shipping, handling or re-installation of the product or the costs of sending&nbsp;personnel to any site to repair or replace the product. This warranty is only provided to the original purchaser&nbsp;of the product from Solar SpeedRack&reg; (Purchaser) or, where the Purchaser is an installer or builder who onsupplies&nbsp;the product to another party, to that other party (End-User). This warranty is not transferable. Where&nbsp;an&nbsp;End-User wants make a claim under this warranty, the End-User must in the first instance contact the&nbsp;installer&nbsp;or builder from whom the product was purchased.</p>\r\n\r\n<p>All&nbsp;warranty claims must be:</p>\r\n\r\n<p>&bull; Made in writing and addressed to the Customer Service Officer, Solar SpeedRack&reg;&nbsp;&nbsp; &nbsp; 2615 Orange Ave,. Santa Ana CA 92704<br />\r\n&nbsp;&bull; Accompanied by proof of purchase of the product in a form acceptable to Solar SpeedRack&reg;, Inc.&nbsp;</p>\r\n\r\n<p>This warranty will not apply to any claims received by Solar SpeedRack after the expiration of the Warranty&nbsp;Period. Solar SpeedRack&reg; makes no warranties, express or implied, other than the warranties made herein,&nbsp;and specifically disclaims all other warranties, representations and conditions to the extent permitted by law. &nbsp;To the extent permitted by law, in no circumstances will Solar SpeedRack&reg; be liable for direct, indirect,&nbsp;special or consequential damages arising from a defective product or for any damage or injury to persons or&nbsp;property. Solar SpeedRack&rsquo;s aggregate liability, if any, in damages or otherwise, will not exceed the invoice&nbsp;value of the product at the time of purchase from Solar SpeedRack&reg;. Any provision contained in this&nbsp;warranty which is prohibited or unenforceable in any jurisdiction will be deemed to be ineffective to the&nbsp;extent of such prohibition or unenforceability and will not invalidate the remaining provisions nor affect the<br />\r\nvalidity or enforceability of that provision in any other jurisdiction. This warranty will be governed and&nbsp;construed in accordance with the laws of the State of California and the parties irrevocably submit to the&nbsp;exclusive jurisdiction of the State of California.</p>\r\n', NULL, NULL, '', 1, 19, 'SA-ASM-SQF01-BC', NULL, 1, 1, 1, '2016-07-08', '2016-08-07', NULL, NULL, 'Pallets_48x40', 3, 0, 0, 0, 0, 1, 'SA-ASM-SQF01-BC-R3 - Solar SpeedFoot Assembly.pdf', 'Solar SpeedFoot Example.pdf', 'ComparisonFlyer.pdf', NULL, '', '0.00', '', 0, 'GeneralMerchandise', 'NewCommercialGoods', 16, 58, 1457382013, 1469472191, 1, 0, 1, NULL, NULL, 1, 1, 9, 9950),
(2349, 8, 'Solar SpeedRack Micro Inverter / Optimizer Bracket Kit', '', '<p>Solar SpeedRack Micro Inverter / Optimizer Bracket Kit</p>\r\n\r\n<p>Part Number:&nbsp;SA-KIT-ASM-INV</p>\r\n\r\n<p>The SSR&nbsp;Micro Inverter / Optimizer Bracket Kit installs to the side of the rail and provides a stong adjustable moutning surface for micro inverters and optimizers.</p>\r\n\r\n<p>This kit includes; L-Foot, T-Bolt and 5/16&quot; Hardware with Serrated Flanges</p>\r\n', '<p><strong>Limited Warranty Conditions</strong><br />\r\nSeller warrants that the Products, when delivered by Seller and for twenty (20) years following the delivery&nbsp;date (the &ldquo;Warranty Period&rdquo;), will be free from defects in material and workmanship, except that any factoryapplied&nbsp;anodized finish is warranted to be free from substantial manufacturing related visible peeling or&nbsp;cracking<br />\r\nor chalking under normal atmospheric conditions for a period of five (5) years (&ldquo;Finish Warranty&rdquo;)&nbsp;and&nbsp;will substantially conform to Seller&#39;s publicly available specifications for such Products in effect at the&nbsp;time&nbsp;of delivery. In the event that the product does not conform to this warranty during the Warranty Period,&nbsp;Solar&nbsp;SpeedRack&reg; will, at its option, either repair or replace the product or pay the cost of having the&nbsp;product&nbsp;repaired or replaced. To the extent permitted by law, Solar SpeedRack&rsquo;s total liability under this&nbsp;warranty&nbsp;will in no circumstances exceed the repair or replacement of the product or payment of the cost of<br />\r\nhaving&nbsp;the product repaired or replaced. In the event of replacement of the product, any remaining part of&nbsp;the&nbsp;Warranty Period will be transferred to the replacement product. This warranty will not apply to any defect&nbsp;or&nbsp;damage to the product arising directly or indirectly from:</p>\r\n\r\n<p><br />\r\n&bull; Shipment or storage of the product;<br />\r\n&nbsp;&bull; Improper installation, maintenance, repair or use of the product;<br />\r\n&nbsp;&bull; Normal wear and tear;<br />\r\n&nbsp;&bull; Misuse, neglect, abuse, accidental damage or modification to the product;<br />\r\n&nbsp;&bull; Failure to observe the instructions set out in the System Manual;<br />\r\n&nbsp;&bull; Power failure, power surges, lightning, fire, explosion, flood, extreme weather conditions,&nbsp;environmental disasters or other.<br />\r\n&nbsp;&bull; Causes outside Solar SpeedRack&rsquo;s control, as determined by Solar SpeedRack&reg; in its sole&nbsp;discretion.</p>\r\n\r\n<p><br />\r\nThis warranty does not cover, and under no circumstances will Solar SpeedRack&reg; be liable for, any costs&nbsp;associated with the removal, shipping, handling or re-installation of the product or the costs of sending&nbsp;personnel to any site to repair or replace the product. This warranty is only provided to the original purchaser&nbsp;of the product from Solar SpeedRack&reg; (Purchaser) or, where the Purchaser is an installer or builder who onsupplies&nbsp;the product to another party, to that other party (End-User). This warranty is not transferable. Where&nbsp;an&nbsp;End-User wants make a claim under this warranty, the End-User must in the first instance contact the&nbsp;installer&nbsp;or builder from whom the product was purchased.</p>\r\n\r\n<p>All&nbsp;warranty claims must be:</p>\r\n\r\n<p>&bull; Made in writing and addressed to the Customer Service Officer, Solar SpeedRack&reg;&nbsp;&nbsp; &nbsp; 2615 Orange Ave,. Santa Ana CA 92704<br />\r\n&nbsp;&bull; Accompanied by proof of purchase of the product in a form acceptable to Solar SpeedRack&reg;, Inc.&nbsp;</p>\r\n\r\n<p>This warranty will not apply to any claims received by Solar SpeedRack after the expiration of the Warranty&nbsp;Period. Solar SpeedRack&reg; makes no warranties, express or implied, other than the warranties made herein,&nbsp;and specifically disclaims all other warranties, representations and conditions to the extent permitted by law. &nbsp;To the extent permitted by law, in no circumstances will Solar SpeedRack&reg; be liable for direct, indirect,&nbsp;special or consequential damages arising from a defective product or for any damage or injury to persons or&nbsp;property. Solar SpeedRack&rsquo;s aggregate liability, if any, in damages or otherwise, will not exceed the invoice&nbsp;value of the product at the time of purchase from Solar SpeedRack&reg;. Any provision contained in this&nbsp;warranty which is prohibited or unenforceable in any jurisdiction will be deemed to be ineffective to the&nbsp;extent of such prohibition or unenforceability and will not invalidate the remaining provisions nor affect the<br />\r\nvalidity or enforceability of that provision in any other jurisdiction. This warranty will be governed and&nbsp;construed in accordance with the laws of the State of California and the parties irrevocably submit to the&nbsp;exclusive jurisdiction of the State of California.</p>\r\n', NULL, NULL, '', 1, 19, 'SA-KIT-ASM-INV', NULL, 1, 1, 0, NULL, NULL, NULL, NULL, 'Pallets_48x40', 3, 0, 0, 0, 0, 1, 'SA-KIT-ASM-INV - Micro Inverter and Optimizer Kit.pdf', NULL, NULL, NULL, '', '0.00', '', 0, 'GeneralMerchandise', 'NewCommercialGoods', 16, 58, 1457382728, 1469472191, 1, 0, 1, NULL, NULL, 1, 1, 9, 9960),
(2552, 8, 'SSR HRS160 138" (11''-6") Long Hybrid Racking Rail Black', '', '<p>SSR HRS160 138&quot; (11&#39;-6&quot;) Long Hybrid Racking Rail Black</p>\r\n\r\n<p>Part Number:&nbsp;HRS-A-EPG3-138-BA</p>\r\n\r\n<ul>\r\n	<li>Hybrid Rail System</li>\r\n	<li>Less Roof Penetrations</li>\r\n	<li>Fewer parts to stock</li>\r\n	<li>Significantly faster installation times</li>\r\n</ul>\r\n\r\n<p>PE Certified to: ASCE/SEI 7-05 , 7-10 Minimum Design Loads for Buildings &amp; Other Structures, International Building Code, 2006 , 2009 &amp; 2012 Editions and Aluminum Design Manual, 2005 Edition</p>\r\n\r\n<p>The HRS160 is an innovative hybrid solar racking system designed for the installation PV Modules onto flat or pitched roof applications. This unique racking design allows the installer to mount the rails in a standard or shared rail configuration. Install in standard configuration by placing two rail under each solar panel row. To save on material, roof penetrations and labor install in shared configuration with the proprietary rail clip. A shared configuration combined with the Solar SpeedFoot product can reduce roof penetrations up to 60%.</p>\r\n', '<p>Solar SpeedRack&reg; warrants that its Solar Panel Mounting System (Frame) is free from defects in materials and workmanship for a period of 25 (Twenty-Five) years from the date on which the Frame is purchased from Solar SpeedRack&reg;, on the terms set out in this warranty. &nbsp;In the event that the Frame does not conform to this warranty during the Warranty Period, Solar SpeedRack&reg; will, at its option, either repair or replace the Frame or pay the cost of having the Frame repaired or replaced. To the extent permitted by law, Solar SpeedRack&rsquo;s total liability under this warranty will in no circumstances exceed the repair or replacement of the Frame or payment of the cost of having the Frame repaired or replaced. In the event of replacement of the Frame, any remaining part of the Warranty Period will be transferred to the replacement Frame. This warranty will not apply to any defect or damage to the Frame arising directly or indirectly from:<br />\r\n&bull;&nbsp;&nbsp; &nbsp;Shipment or storage of the Frame;<br />\r\n&bull;&nbsp;&nbsp; &nbsp;Improper installation, maintenance, repair or use of the Frame;<br />\r\n&bull;&nbsp;&nbsp; &nbsp;Normal wear and tear;<br />\r\n&bull;&nbsp;&nbsp; &nbsp;Misuse, neglect, abuse, accidental damage or modification to the Frame;<br />\r\n&bull;&nbsp;&nbsp; &nbsp;Failure to observe the instructions set out in the System Manual;<br />\r\n&bull;&nbsp;&nbsp; &nbsp;Power failure, power surges, lightning, fire, explosion, flood, extreme weather conditions, environmental disasters or other.<br />\r\n&bull;&nbsp;&nbsp; &nbsp;Causes outside Solar SpeedRack&rsquo;s control, as determined by Solar SpeedRack&reg; in its sole discretion.<br />\r\nThis warranty does not cover, and under no circumstances will Solar SpeedRack&reg; be liable for, any costs associated with the removal, shipping, handling or re-installation of the Frame or the costs of sending personnel to any site to repair or replace the Frame. This warranty is only provided to the original purchaser of the Frame from Solar SpeedRack&reg; (Purchaser) or, where the Purchaser is an installer or builder who on-supplies the Frame to another party, to that other party (End-User). This warranty is not transferable. Where an End-User wants make a claim under this warranty, the End-User must in the first instance contact the installer or builder from whom the Frame was purchased.<br />\r\nAll warranty claims must be:<br />\r\n&bull;&nbsp;&nbsp; &nbsp;Made in writing and addressed to the Customer Service Officer, Solar SpeedRack&reg; 2615 Orange Ave. Santa Ana CA 92704<br />\r\n&bull;&nbsp;&nbsp; &nbsp;Accompanied by proof of purchase of the Frame in a form acceptable to Solar SpeedRack&reg;<br />\r\nThis warranty will not apply to any claims received by Solar SpeedRack after the expiration of the Warranty Period. Solar SpeedRack&reg; makes no warranties, express or implied, other than the warranties made herein, and specifically disclaims all other warranties, representations and conditions to the extent permitted by law. To the extent permitted by law, in no circumstances will Solar SpeedRack&reg; be liable for direct, indirect, special or consequential damages arising from a defective Frame or for any damage or injury to persons or property. Solar SpeedRack&rsquo;s aggregate liability, if any, in damages or otherwise, will not exceed the invoice value of the Frame at the time of purchase from Solar SpeedRack&reg;. Any provision contained in this warranty which is prohibited or unenforceable in any jurisdiction will be deemed to be ineffective to the extent of such prohibition or unenforceability and will not invalidate the remaining provisions nor affect the validity or enforceability of that provision in any other jurisdiction. This warranty will be governed and construed in accordance with the laws of the State of California and the parties irrevocably submit to the exclusive jurisdiction of the State of California.</p>\r\n', NULL, NULL, '2-3', 1, 19, 'HRS-A-EPG3-138-BA', NULL, 1, 1, 0, NULL, NULL, NULL, NULL, 'Boxes', 3, 18, 0, 0, 0, 1, 'HRS-A-EPG3-CutSheet-v1.0.pdf', NULL, NULL, NULL, 'https://www.youtube.com/watch?v=Yr5sr7OpqjM', '0.00', '50', 0, 'GeneralMerchandise', 'NewCommercialGoods', 32, 1, 1468957658, 1474983354, 1, 0, 3, NULL, NULL, 1, 1, 0, 9999),
(2555, 8, 'SSR HRS160 Hybrid Rail Clip Support Bracket Mill Finish', '', '<p>SSR HRS160 Hybrid Rail Clip Support Bracket Mill Finish</p>\r\n\r\n<p>Part Number:&nbsp;HRS-A-BCLIP2.25L-MF</p>\r\n\r\n<p>Rail Clips have a proprietary design that allows these brackets to mount on the&nbsp;rails to be shared and keep them lightweight. Many accessories are compatible with the clips.</p>\r\n', '<p>Solar SpeedRack&reg; warrants that its Solar Panel Mounting System (Frame) is free from defects in materials and workmanship for a period of 25 (Twenty-Five) years from the date on which the Frame is purchased from Solar SpeedRack&reg;, on the terms set out in this warranty.</p>\r\n\r\n<p>&nbsp;</p>\r\n\r\n<p>In the event that the Frame does not conform to this warranty during the Warranty Period, Solar SpeedRack&reg; will, at its option, either repair or replace the Frame or pay the cost of having the Frame repaired or replaced. To the extent permitted by law, Solar SpeedRack&rsquo;s total liability under this warranty will in no circumstances exceed the repair or replacement of the Frame or payment of the cost of having the Frame repaired or replaced. In the event of replacement of the Frame, any remaining part of the Warranty Period will be transferred to the replacement Frame.</p>\r\n\r\n<p>This warranty will not apply to any defect or damage to the Frame arising directly or indirectly from:</p>\r\n\r\n<ul>\r\n	<li>Shipment or storage of the Frame;</li>\r\n	<li>Improper installation, maintenance, repair or use of the Frame;</li>\r\n	<li>Normal wear and tear;</li>\r\n	<li>Misuse, neglect, abuse, accidental damage or modification to the Frame;</li>\r\n	<li>Failure to observe the instructions set out in the System Manual;</li>\r\n	<li>Power failure, power surges, lightning, fire, explosion, flood, extreme weather conditions, environmental disasters or other.</li>\r\n	<li>Causes outside Solar SpeedRack&rsquo;s control, as determined by Solar SpeedRack&reg; in its sole discretion.</li>\r\n</ul>\r\n\r\n<p>This warranty does not cover, and under no circumstances will Solar SpeedRack&reg; be liable for, any costs associated with the removal, shipping, handling or re-installation of the Frame or the costs of sending personnel to any site to repair or replace the Frame.</p>\r\n\r\n<p>This warranty is only provided to the original purchaser of the Frame from Solar SpeedRack&reg; (Purchaser) or, where the Purchaser is an installer or builder who on-supplies the Frame to another party, to that other party (End-User). This warranty is not transferable.</p>\r\n\r\n<p>Where an End-User wants make a claim under this warranty, the End-User must in the first instance contact the installer or builder from whom the Frame was purchased.</p>\r\n\r\n<p>All warranty claims must be:</p>\r\n\r\n<ul>\r\n	<li>Made in writing and addressed to the Customer Service Officer, Solar SpeedRack&reg; 2615 Orange Ave. Santa Ana CA 92704</li>\r\n	<li>Accompanied by proof of purchase of the Frame in a form acceptable to Solar SpeedRack&reg;</li>\r\n</ul>\r\n\r\n<p>This warranty will not apply to any claims received by Solar SpeedRack after the expiration of the Warranty Period. Solar SpeedRack&reg; makes no warranties, express or implied, other than the warranties made herein, and specifically disclaims all other warranties, representations and conditions to the extent permitted by law. To the extent permitted by law, in no circumstances will Solar SpeedRack&reg; be liable for direct, indirect, special or consequential damages arising from a defective Frame or for any damage or injury to persons or property. Solar SpeedRack&rsquo;s aggregate liability, if any, in damages or otherwise, will not exceed the invoice value of the Frame at the time of purchase from Solar SpeedRack&reg;. Any provision contained in this warranty which is prohibited or unenforceable in any jurisdiction will be deemed to be ineffective to the extent of such prohibition or unenforceability and will not invalidate the remaining provisions nor affect the validity or enforceability of that provision in any other jurisdiction.</p>\r\n\r\n<p>This warranty will be governed and construed in accordance with the laws of the State of California and the parties irrevocably submit to the exclusive jurisdiction of the State of California.</p>\r\n', NULL, NULL, '2-3', 1, 19, 'HRS-A-BCLIP2.25L-MF', NULL, 1, 1, 0, NULL, NULL, NULL, NULL, 'Boxes', 3, 18, 0, 0, 0, 1, NULL, NULL, NULL, NULL, 'https://www.youtube.com/watch?v=Yr5sr7OpqjM', '0.00', '50', 0, 'GeneralMerchandise', 'NewCommercialGoods', 32, 32, 1468959332, 1468959332, 1, 0, 1, NULL, NULL, 1, 1, 0, 0),
(2556, 8, 'SSR HRS160 Universal Adjustable End Clamp 32mm-50mm Assembled Black', '', '<p>SSR HRS160 Universal Adjustable End Clamp 32mm-50mm Assembled Black</p>\r\n\r\n<p>Part Number:&nbsp;HRS-ASM-ECG2.25-BC</p>\r\n\r\n<p>Drop in anywhere on the rail. Spring loaded lets them move around without falling out. Adjustable for PV frames 32mm to 50mm so one size fits all! All clamps have integrated grounding and are UL Certified. Reusable up to 10 times. Made from high quality Stainless Steel. The wide design prevents damage from over torqueing. Torque to 100 in-lbs.</p>\r\n', '<p>Solar SpeedRack&reg; warrants that its Solar Panel Mounting System (Frame) is free from defects in materials and workmanship for a period of 25 (Twenty-Five) years from the date on which the Frame is purchased from Solar SpeedRack&reg;, on the terms set out in this warranty.</p>\r\n\r\n<p>&nbsp;</p>\r\n\r\n<p>In the event that the Frame does not conform to this warranty during the Warranty Period, Solar SpeedRack&reg; will, at its option, either repair or replace the Frame or pay the cost of having the Frame repaired or replaced. To the extent permitted by law, Solar SpeedRack&rsquo;s total liability under this warranty will in no circumstances exceed the repair or replacement of the Frame or payment of the cost of having the Frame repaired or replaced. In the event of replacement of the Frame, any remaining part of the Warranty Period will be transferred to the replacement Frame.</p>\r\n\r\n<p>This warranty will not apply to any defect or damage to the Frame arising directly or indirectly from:</p>\r\n\r\n<ul>\r\n	<li>Shipment or storage of the Frame;</li>\r\n	<li>Improper installation, maintenance, repair or use of the Frame;</li>\r\n	<li>Normal wear and tear;</li>\r\n	<li>Misuse, neglect, abuse, accidental damage or modification to the Frame;</li>\r\n	<li>Failure to observe the instructions set out in the System Manual;</li>\r\n	<li>Power failure, power surges, lightning, fire, explosion, flood, extreme weather conditions, environmental disasters or other.</li>\r\n	<li>Causes outside Solar SpeedRack&rsquo;s control, as determined by Solar SpeedRack&reg; in its sole discretion.</li>\r\n</ul>\r\n\r\n<p>This warranty does not cover, and under no circumstances will Solar SpeedRack&reg; be liable for, any costs associated with the removal, shipping, handling or re-installation of the Frame or the costs of sending personnel to any site to repair or replace the Frame.</p>\r\n\r\n<p>This warranty is only provided to the original purchaser of the Frame from Solar SpeedRack&reg; (Purchaser) or, where the Purchaser is an installer or builder who on-supplies the Frame to another party, to that other party (End-User). This warranty is not transferable.</p>\r\n\r\n<p>Where an End-User wants make a claim under this warranty, the End-User must in the first instance contact the installer or builder from whom the Frame was purchased.</p>\r\n\r\n<p>All warranty claims must be:</p>\r\n\r\n<ul>\r\n	<li>Made in writing and addressed to the Customer Service Officer, Solar SpeedRack&reg; 2615 Orange Ave. Santa Ana CA 92704</li>\r\n	<li>Accompanied by proof of purchase of the Frame in a form acceptable to Solar SpeedRack&reg;</li>\r\n</ul>\r\n\r\n<p>This warranty will not apply to any claims received by Solar SpeedRack after the expiration of the Warranty Period. Solar SpeedRack&reg; makes no warranties, express or implied, other than the warranties made herein, and specifically disclaims all other warranties, representations and conditions to the extent permitted by law. To the extent permitted by law, in no circumstances will Solar SpeedRack&reg; be liable for direct, indirect, special or consequential damages arising from a defective Frame or for any damage or injury to persons or property. Solar SpeedRack&rsquo;s aggregate liability, if any, in damages or otherwise, will not exceed the invoice value of the Frame at the time of purchase from Solar SpeedRack&reg;. Any provision contained in this warranty which is prohibited or unenforceable in any jurisdiction will be deemed to be ineffective to the extent of such prohibition or unenforceability and will not invalidate the remaining provisions nor affect the validity or enforceability of that provision in any other jurisdiction.</p>\r\n\r\n<p>This warranty will be governed and construed in accordance with the laws of the State of California and the parties irrevocably submit to the exclusive jurisdiction of the State of California.</p>\r\n', NULL, NULL, '2-3', 1, 19, 'HRS-ASM-ECG2.25-BC', NULL, 1, 1, 0, NULL, NULL, NULL, NULL, 'Boxes', 3, 18, 0, 0, 0, 1, 'HRS-ASM-ECG2.25 - Cut Sheet - v1.0.pdf', NULL, NULL, NULL, 'https://www.youtube.com/watch?v=Yr5sr7OpqjM', '0.00', '50', 0, 'GeneralMerchandise', 'NewCommercialGoods', 32, 32, 1468959836, 1468960299, 1, 0, 1, NULL, NULL, 1, 1, 0, 999999),
(2557, 8, 'SSR HRS160 Universal Adjustable Mid Clamp 32mm-50mm Assembled Black', '', '<p>SSR HRS160 Universal Adjustable Mid Clamp 32mm-50mm Assembled Black</p>\r\n\r\n<p>Part Number:&nbsp;HRS-ASM-MCG2.25-BC</p>\r\n\r\n<p>Drop in anywhere on the rail. Spring loaded lets them move around without falling out. Adjustable for PV frames 32mm to 50mm so one size fits all! All clamps have integrated grounding and are UL Certified. Reusable up to 10 times. Made from high quality Stainless Steel. The wide design prevents damage from over torqueing. Torque to 100 in-lbs.</p>\r\n', '<p>Solar SpeedRack&reg; warrants that its Solar Panel Mounting System (Frame) is free from defects in materials and workmanship for a period of 25 (Twenty-Five) years from the date on which the Frame is purchased from Solar SpeedRack&reg;, on the terms set out in this warranty.</p>\r\n\r\n<p>&nbsp;</p>\r\n\r\n<p>In the event that the Frame does not conform to this warranty during the Warranty Period, Solar SpeedRack&reg; will, at its option, either repair or replace the Frame or pay the cost of having the Frame repaired or replaced. To the extent permitted by law, Solar SpeedRack&rsquo;s total liability under this warranty will in no circumstances exceed the repair or replacement of the Frame or payment of the cost of having the Frame repaired or replaced. In the event of replacement of the Frame, any remaining part of the Warranty Period will be transferred to the replacement Frame.</p>\r\n\r\n<p>This warranty will not apply to any defect or damage to the Frame arising directly or indirectly from:</p>\r\n\r\n<ul>\r\n	<li>Shipment or storage of the Frame;</li>\r\n	<li>Improper installation, maintenance, repair or use of the Frame;</li>\r\n	<li>Normal wear and tear;</li>\r\n	<li>Misuse, neglect, abuse, accidental damage or modification to the Frame;</li>\r\n	<li>Failure to observe the instructions set out in the System Manual;</li>\r\n	<li>Power failure, power surges, lightning, fire, explosion, flood, extreme weather conditions, environmental disasters or other.</li>\r\n	<li>Causes outside Solar SpeedRack&rsquo;s control, as determined by Solar SpeedRack&reg; in its sole discretion.</li>\r\n</ul>\r\n\r\n<p>This warranty does not cover, and under no circumstances will Solar SpeedRack&reg; be liable for, any costs associated with the removal, shipping, handling or re-installation of the Frame or the costs of sending personnel to any site to repair or replace the Frame.</p>\r\n\r\n<p>This warranty is only provided to the original purchaser of the Frame from Solar SpeedRack&reg; (Purchaser) or, where the Purchaser is an installer or builder who on-supplies the Frame to another party, to that other party (End-User). This warranty is not transferable.</p>\r\n\r\n<p>Where an End-User wants make a claim under this warranty, the End-User must in the first instance contact the installer or builder from whom the Frame was purchased.</p>\r\n\r\n<p>All warranty claims must be:</p>\r\n\r\n<ul>\r\n	<li>Made in writing and addressed to the Customer Service Officer, Solar SpeedRack&reg; 2615 Orange Ave. Santa Ana CA 92704</li>\r\n	<li>Accompanied by proof of purchase of the Frame in a form acceptable to Solar SpeedRack&reg;</li>\r\n</ul>\r\n\r\n<p>This warranty will not apply to any claims received by Solar SpeedRack after the expiration of the Warranty Period. Solar SpeedRack&reg; makes no warranties, express or implied, other than the warranties made herein, and specifically disclaims all other warranties, representations and conditions to the extent permitted by law. To the extent permitted by law, in no circumstances will Solar SpeedRack&reg; be liable for direct, indirect, special or consequential damages arising from a defective Frame or for any damage or injury to persons or property. Solar SpeedRack&rsquo;s aggregate liability, if any, in damages or otherwise, will not exceed the invoice value of the Frame at the time of purchase from Solar SpeedRack&reg;. Any provision contained in this warranty which is prohibited or unenforceable in any jurisdiction will be deemed to be ineffective to the extent of such prohibition or unenforceability and will not invalidate the remaining provisions nor affect the validity or enforceability of that provision in any other jurisdiction.</p>\r\n\r\n<p>This warranty will be governed and construed in accordance with the laws of the State of California and the parties irrevocably submit to the exclusive jurisdiction of the State of California.</p>\r\n', NULL, NULL, '2-3', 1, 19, 'HRS-ASM-MCG2.25-BC', NULL, 1, 1, 0, NULL, NULL, NULL, NULL, 'Boxes', 3, 18, 0, 0, 0, 1, 'HRS-ASM-MCG2.25 - Cut Sheet - v1.0.pdf', NULL, NULL, NULL, 'https://www.youtube.com/watch?v=Yr5sr7OpqjM', '0.00', '50', 0, 'GeneralMerchandise', 'NewCommercialGoods', 32, 32, 1468960506, 1468960506, 1, 0, 1, NULL, NULL, 1, 1, 0, 999999);


INSERT INTO `product_image` (`id`, `product_id`, `extension`, `file_name`, `created_by`, `updated_by`, `created_at`, `updated_at`) VALUES
(2577, 3, 'png', 'SA-A-LFS1.5X3-BA.png', 16, 16, 1460486446, 1460486446),
(2578, 4, 'png', 'USM-ASM-SBA600-BA-NR.png', 16, 16, 1460486544, 1460486544),
(2579, 5, 'png', 'SA-ASM-TBK-R3 (2).png', 16, 16, 1460486647, 1460486647),
(2580, 6, 'png', 'SA-KIT-ECUSMSR-BA.png', 16, 16, 1460486693, 1460486693),
(2173, 2222, 'png', 'SE-GNDLUG5-100.png', 1, 1, 1455207287, 1455207287),
(2581, 2348, 'png', 'SA-ASM-SQK01-BA.png', 16, 16, 1460486734, 1460486734),
(2582, 2349, 'png', 'SA-KIT-ASM-INV.png', 16, 16, 1460486784, 1460486784),
(2732, 2552, 'jpg', 'HRS-A-EPG3-48-BA.jpg', 32, 32, 1468957659, 1468957659),
(2735, 2555, 'jpg', 'HRS-A-BCLIP2.jpg', 32, 32, 1468959332, 1468959332),
(2737, 2556, 'jpg', 'HRS-ASM-ECG2.jpg', 32, 32, 1468959974, 1468959974),
(2738, 2556, 'jpg', 'HRS-ASM-ECG2-2.jpg', 32, 32, 1468959974, 1468959974),
(2739, 2556, 'jpg', 'HRS-ASM-ECG2-3.jpg', 32, 32, 1468959974, 1468959974),
(2740, 2557, 'jpg', 'HRS-ASM-MCG2.jpg', 32, 32, 1468960506, 1468960506),
(2741, 2557, 'jpg', 'HRS-ASM-MCG2-2.jpg', 32, 32, 1468960506, 1468960506),
(2742, 2557, 'jpg', 'HRS-ASM-MCG2-3.jpg', 32, 32, 1468960506, 1468960506);


INSERT INTO `price` (`id`, `product_id`, `min`, `max`, `price`, `sale_price`, `pro_percent`, `elite_percent`) VALUES
(4, 3, 1, 99, '1.60', '1.50', 5, 5),
(4852, 3, 100, 299, '1.58', '1.45', 5, 5),
(4853, 3, 300, 499, '1.49', '1.40', 5, 5),
(4854, 3, 500, 699, '1.38', '1.29', 5, 5),
(4876, 3, 700, 0, '1.29', '1.25', 5, 5),
(4855, 4, 1, 299, '4.46', '4.37', 5, 5),
(4857, 4, 300, 499, '4.16', '4.09', 5, 5),
(4858, 4, 500, 699, '3.86', '3.77', 5, 5),
(4875, 4, 700, 999, '3.56', '3.47', 5, 5),
(4859, 5, 1, 99, '0.59', NULL, 5, 5),
(4860, 5, 100, 299, '0.57', NULL, 5, 5),
(4877, 5, 300, 499, '0.54', NULL, 5, 5),
(4878, 5, 500, 999, '0.50', NULL, 5, 5),
(4862, 6, 1, 99, '3.08', NULL, 5, 5),
(4863, 6, 100, 299, '3.07', NULL, 5, 5),
(4864, 6, 300, 499, '2.87', NULL, 5, 5),
(4865, 6, 500, 699, '2.67', NULL, 5, 5),
(4879, 6, 700, 999, '2.48', NULL, 5, 5),
(6155, 2222, 5, 99, '1.34', NULL, 5, 5),
(6156, 2222, 100, 0, '1.03', NULL, 5, 5),
(4866, 2348, 1, 99, '4.60', '4.08', 5, 5),
(4867, 2348, 100, 299, '4.43', '3.79', 5, 5),
(4868, 2348, 300, 499, '4.21', '3.50', 5, 5),
(4869, 2348, 500, 699, '3.92', '3.50', 5, 5),
(4880, 2348, 700, 999, '3.62', '3.50', 5, 5),
(4870, 2349, 1, 99, '2.20', NULL, 5, 5),
(4871, 2349, 100, 299, '2.17', NULL, 5, 5),
(4872, 2349, 300, 499, '2.10', NULL, 5, 5),
(4873, 2349, 500, 699, '1.98', NULL, 5, 5),
(4881, 2349, 700, 999, '1.84', NULL, 5, 5),
(6710, 2552, 1, 9999, '100.00', '99.99', 5, 25);

INSERT INTO `product_metadata` (`id`, `product_id`, `length`, `width`, `height`, `weight`, `quantity_per_box`, `box_weight`, `rated_power`, `cell_technology_id`, `frame_color`) VALUES
(3, 3, '3', '1.5', '2', '0.16', '', '', '', 3, 'Black'),
(4, 4, '6', '0.19', '1.25', '0.32', '', '', '', 3, 'Black'),
(5, 5, '1.25', '0.68', '0.68', '0.04', '', '', '', 3, 'Black'),
(6, 6, '4.14', '2.68', '.75', '0.15', '', '', '', 3, 'Black'),
(2222, 2222, '2', '2', '2', '0.02', NULL, NULL, '', 1, ''),
(2348, 2348, '3.5', '2.5', '3.38', '0.45', '', '', '', 3, 'Black'),
(2349, 2349, '3', '1.5', '2', '0.12', '', '', '', 3, 'Black'),
(2552, 2552, '138', '1.24', '2.74', '11.18', '', '', '', NULL, 'Black'),
(2555, 2555, '1.5', '2.25', '2.39', '0.15', '25', '4', '', NULL, 'Mill'),
(2556, 2556, '1.28', '2.25', '2.5', '0.18', '25', '4.7', '', NULL, 'Black'),
(2557, 2557, '1.52', '2.25', '2.54', '', '', '', '', NULL, 'Black');
--
-- Database: `nssc`
--

-- --------------------------------------------------------

--
-- Table structure for table `accessory`
--

CREATE TABLE IF NOT EXISTS `accessory` (
  `id` int(11) NOT NULL,
  `slug` varchar(50) DEFAULT NULL,
  `description` varchar(150) NOT NULL,
  `order` int(2) NOT NULL DEFAULT '1',
  `status` int(1) DEFAULT '1',
  `product_id` int(11) DEFAULT NULL
) ENGINE=InnoDB AUTO_INCREMENT=22 DEFAULT CHARSET=utf8;

-- --------------------------------------------------------

INSERT INTO `accessory` (`id`, `slug`, `description`, `order`, `status`, `product_id`) VALUES
(1, 'Rails', 'USM Side Mount Rail Assembled 10 Foot Long Rail Black Anodized', 1, 1, 3),
(2, 'SpliceBars', 'USM Splice Bar Attachment KIT with (4) T-Bolts Black Color', 1, 1, 4),
(3, 'LFootBrackets', 'Standard 1.5 x 3 L Foot Black Anodized', 1, 1, 3),
(4, 'TBolts', '5/16"-18 T-Bolt and Serrated Nut Assembled Kit Black Oxide Coating', 1, 1, 5),
(5, 'EndCaps', 'End Cap for USM and SR Series Rails Black Anodized', 1, 1, 6),
(6, 'ShingleFlashingKit', 'EcoFasten GF-1 Shingle Roof Flashing Kit Solar SpeedRack Version', 1, 1, NULL),
(7, 'FlatTileFlashingKit', 'EcoFasten Flat Tile Roof Flashing Kit', 1, 1, NULL),
(8, 'STileFlashingKit', 'S-Tile Roof Flashing Kit', 1, 1, NULL),
(9, 'WTileFlashingKit', 'W-Tile Roof Flashing Kit', 1, 1, NULL),
(10, 'GroundLugs', 'Ilsco SGB 4 Solar Grounding Lug', 1, 1, 2222),
(11, 'SpeedFoot', 'SpeedFoot', 1, 1, 2348),
(12, 'CorrugatedMetalClampKit', 'Corrugated Metal Clamp Kit', 1, 1, NULL),
(13, 'StandingSeamClampKit', 'Standing Seam Clamp Kit', 1, 1, NULL),
(14, 'IBKit', 'Invertor Bracket Kit', 1, 1, 2349),
(15, 'HRSRails', 'SSR HRS160 138" (11''-6") Long Hybrid Racking Rail', 1, 1, 2552),
(16, 'HRSLFootBrackets', 'L-Foot ', 1, 1, 3),
(17, 'EndClamp', 'SSR HRS160 Universal Adjustable End Clamp 32mm-50mm Assembled Black', 1, 1, 2556),
(18, 'MidClamp', 'SSR HRS160 Universal Adjustable Mid Clamp 32mm-50mm Assembled Black', 1, 1, 2557),
(19, 'RailClip', 'SSR HRS160 Hybrid Rail Clip Support Bracket Mill Finish', 1, 1, 2555),
(20, 'HRSSpliceBars', 'lkjlkj', 2, 1, 5),
(21, 'HRSTekScrews', 'kljljk', 2, 1, 3);
--
-- Table structure for table `accessory_product`
--

CREATE TABLE IF NOT EXISTS `accessory_product` (
  `id` int(11) NOT NULL,
  `accessory_id` int(11) NOT NULL,
  `product_id` int(11) NOT NULL,
  `name` varchar(50) DEFAULT 'BC',
  `status` tinyint(1) DEFAULT '1'
) ENGINE=InnoDB AUTO_INCREMENT=16 DEFAULT CHARSET=latin1;


-- --------------------------------------------------------

--
-- Table structure for table `accessory_product`
--

CREATE TABLE IF NOT EXISTS `accessory_product` (
  `id` int(11) NOT NULL,
  `accessory_id` int(11) NOT NULL,
  `product_id` int(11) NOT NULL,
  `name` varchar(50) DEFAULT 'BC',
  `status` tinyint(1) DEFAULT '1'
) ENGINE=InnoDB AUTO_INCREMENT=16 DEFAULT CHARSET=latin1;


INSERT INTO `accessory_product` (`id`, `accessory_id`, `product_id`, `name`, `status`) VALUES
(1, 1, 3, 'BC', 1),
(2, 2, 4, 'BC', 1),
(3, 3, 3, 'BC', 1),
(4, 4, 5, 'BC', 1),
(5, 5, 6, 'BC', 1),
(6, 10, 2222, 'BC', 1),
(7, 11, 2348, 'BC', 1),
(8, 14, 2349, 'BC', 1),
(9, 15, 2552, 'BC', 1),
(10, 16, 3, 'BC', 1),
(11, 17, 2556, 'BC', 1),
(12, 18, 2557, 'BC', 1),
(13, 19, 2555, 'BC', 1),
(14, 20, 5, 'BC', 1),
(15, 21, 3, 'BC', 1);

--
-- Indexes for table `accessory`
--
ALTER TABLE `accessory`
  ADD PRIMARY KEY (`id`), ADD KEY `accessory_slug` (`slug`), ADD KEY `acc_product_id` (`product_id`);

--
-- Indexes for table `accessory_product`
--
ALTER TABLE `accessory_product`
  ADD PRIMARY KEY (`id`), ADD KEY `accessory_product_id` (`accessory_id`), ADD KEY `product_accessory_id` (`product_id`);

--
-- AUTO_INCREMENT for dumped tables
--

--
-- AUTO_INCREMENT for table `accessory`
--
ALTER TABLE `accessory`
  MODIFY `id` int(11) NOT NULL AUTO_INCREMENT,AUTO_INCREMENT=22;
--
-- AUTO_INCREMENT for table `accessory_product`
--
ALTER TABLE `accessory_product`
  MODIFY `id` int(11) NOT NULL AUTO_INCREMENT,AUTO_INCREMENT=16;
--
-- Constraints for dumped tables
--

--
-- Constraints for table `accessory`
--
ALTER TABLE `accessory`
ADD CONSTRAINT `acc_product_id` FOREIGN KEY (`product_id`) REFERENCES `product` (`id`);

--
-- Constraints for table `accessory_product`
--
ALTER TABLE `accessory_product`
ADD CONSTRAINT `accessory_product_id` FOREIGN KEY (`accessory_id`) REFERENCES `accessory` (`id`),
ADD CONSTRAINT `product_accessory_id` FOREIGN KEY (`product_id`) REFERENCES `product` (`id`);
